Timestamp,TCP Connections Established/s
10/4/2014 1:00,0
10/4/2014 1:01,0
10/4/2014 1:02,0
10/4/2014 1:03,12321
10/4/2014 1:04,26187
10/4/2014 1:05,29438
10/4/2014 1:06,29541
10/4/2014 1:07,29780
10/4/2014 1:08,29511
10/4/2014 1:09,29554
10/4/2014 1:10,29284
10/4/2014 1:11,29175
10/4/2014 1:12,28822
10/4/2014 1:13,34104
10/4/2014 1:14,39231
10/4/2014 1:15,42093
10/4/2014 1:16,48059
10/4/2014 1:17,51103
10/4/2014 1:18,57034
10/4/2014 1:19,62317
10/4/2014 1:20,65690
10/4/2014 1:21,72652
10/4/2014 1:22,77213
10/4/2014 1:23,79608
10/4/2014 1:24,81205
10/4/2014 1:25,81531
10/4/2014 1:26,79332
10/4/2014 1:27,76012
10/4/2014 1:28,76749
10/4/2014 1:29,78146
10/4/2014 1:30,78785
10/4/2014 1:31,80136
10/4/2014 1:32,79373
10/4/2014 1:33,78007
10/4/2014 1:34,78678
10/4/2014 1:35,80145
10/4/2014 1:36,80078
10/4/2014 1:37,79954
10/4/2014 1:38,79752
10/4/2014 1:39,81170
10/4/2014 1:40,80983
10/4/2014 1:41,80590
10/4/2014 1:42,80186
10/4/2014 1:43,78258
10/4/2014 1:44,78727
10/4/2014 1:45,79557
10/4/2014 1:46,78467
10/4/2014 1:47,77307
10/4/2014 1:48,79406
10/4/2014 1:49,79662
10/4/2014 1:50,78658
10/4/2014 1:51,79207
10/4/2014 1:52,79393
10/4/2014 1:53,80399
10/4/2014 1:54,81227
10/4/2014 1:55,81150
10/4/2014 1:56,81363
10/4/2014 1:57,81617
10/4/2014 1:58,81462
10/4/2014 1:59,82033
10/4/2014 2:00,82586
10/4/2014 2:01,81594
10/4/2014 2:02,80533
10/4/2014 2:03,80159
10/4/2014 2:04,80675
10/4/2014 2:05,80092
10/4/2014 2:06,80654
10/4/2014 2:07,81314
10/4/2014 2:08,80450
10/4/2014 2:09,80447
10/4/2014 2:10,79843
10/4/2014 2:11,78711
10/4/2014 2:12,80506
10/4/2014 2:13,80310
10/4/2014 2:14,77475
10/4/2014 2:15,77687
10/4/2014 2:16,79203
10/4/2014 2:17,81464
10/4/2014 2:18,82168
10/4/2014 2:19,81534
10/4/2014 2:20,80515
10/4/2014 2:21,80722
10/4/2014 2:22,79947
10/4/2014 2:23,79550
10/4/2014 2:24,79002
10/4/2014 2:25,79656
10/4/2014 2:26,82669
10/4/2014 2:27,81855
10/4/2014 2:28,78846
10/4/2014 2:29,79462
10/4/2014 2:30,81437
10/4/2014 2:31,81294
10/4/2014 2:32,82110
10/4/2014 2:33,81621
10/4/2014 2:34,79968
10/4/2014 2:35,80947
10/4/2014 2:36,80764
10/4/2014 2:37,79414
10/4/2014 2:38,80358
10/4/2014 2:39,81858
10/4/2014 2:40,80076
10/4/2014 2:41,79900
10/4/2014 2:42,81401
10/4/2014 2:43,82061
10/4/2014 2:44,81745
10/4/2014 2:45,80013
10/4/2014 2:46,79687
10/4/2014 2:47,80942
10/4/2014 2:48,80006
10/4/2014 2:49,79684
10/4/2014 2:50,79991
10/4/2014 2:51,81721
10/4/2014 2:52,81061
10/4/2014 2:53,80449
10/4/2014 2:54,79858
10/4/2014 2:55,80258
10/4/2014 2:56,81319
10/4/2014 2:57,81173
10/4/2014 2:58,81699
10/4/2014 2:59,79764
10/4/2014 3:00,80114
10/4/2014 3:01,81906
10/4/2014 3:02,81296
10/4/2014 3:03,81187
10/4/2014 3:04,80604
10/4/2014 3:05,81231
10/4/2014 3:06,81183
10/4/2014 3:07,78901
10/4/2014 3:08,77974
10/4/2014 3:09,78390
10/4/2014 3:10,77945
10/4/2014 3:11,78379
10/4/2014 3:12,76382
10/4/2014 3:13,78222
10/4/2014 3:14,81014
10/4/2014 3:15,81735
10/4/2014 3:16,83063
10/4/2014 3:17,83011
10/4/2014 3:18,81590
10/4/2014 3:19,80553
10/4/2014 3:20,80732
10/4/2014 3:21,82025
10/4/2014 3:22,81662
10/4/2014 3:23,80426
10/4/2014 3:24,79942
10/4/2014 3:25,79787
10/4/2014 3:26,79924
10/4/2014 3:27,82400
10/4/2014 3:28,83062
10/4/2014 3:29,80402
10/4/2014 3:30,78998
10/4/2014 3:31,80856
10/4/2014 3:32,80535
10/4/2014 3:33,80557
10/4/2014 3:34,81176
10/4/2014 3:35,80137
10/4/2014 3:36,80169
10/4/2014 3:37,79265
10/4/2014 3:38,79735
10/4/2014 3:39,80427
10/4/2014 3:40,80476
10/4/2014 3:41,79594
10/4/2014 3:42,79619
10/4/2014 3:43,79310
10/4/2014 3:44,79596
10/4/2014 3:45,79475
10/4/2014 3:46,81571
10/4/2014 3:47,83724
10/4/2014 3:48,82362
10/4/2014 3:49,81055
10/4/2014 3:50,82019
10/4/2014 3:51,82940
10/4/2014 3:52,81402
10/4/2014 3:53,80445
10/4/2014 3:54,81551
10/4/2014 3:55,80610
10/4/2014 3:56,80584
10/4/2014 3:57,82123
10/4/2014 3:58,80219
10/4/2014 3:59,79757
10/4/2014 4:00,80277
10/4/2014 4:01,80406
10/4/2014 4:02,79282
10/4/2014 4:03,80309
10/4/2014 4:04,81119
10/4/2014 4:05,80581
10/4/2014 4:06,80489
10/4/2014 4:07,81941
10/4/2014 4:08,81943
10/4/2014 4:09,83135
10/4/2014 4:10,82811
10/4/2014 4:11,80998
10/4/2014 4:12,80567
10/4/2014 4:13,79981
10/4/2014 4:14,79579
10/4/2014 4:15,80567
10/4/2014 4:16,80334
10/4/2014 4:17,80831
10/4/2014 4:18,81025
10/4/2014 4:19,79854
10/4/2014 4:20,79743
10/4/2014 4:21,80288
10/4/2014 4:22,80672
10/4/2014 4:23,80864
10/4/2014 4:24,79707
10/4/2014 4:25,80093
10/4/2014 4:26,80074
10/4/2014 4:27,80447
10/4/2014 4:28,82204
10/4/2014 4:29,81113
10/4/2014 4:30,81612
10/4/2014 4:31,81075
10/4/2014 4:32,79626
10/4/2014 4:33,79482
10/4/2014 4:34,80444
10/4/2014 4:35,80265
10/4/2014 4:36,80489
10/4/2014 4:37,80492
10/4/2014 4:38,81177
10/4/2014 4:39,81161
10/4/2014 4:40,81067
10/4/2014 4:41,80426
10/4/2014 4:42,82231
10/4/2014 4:43,83412
10/4/2014 4:44,83104
10/4/2014 4:45,81647
10/4/2014 4:46,79037
10/4/2014 4:47,80096
10/4/2014 4:48,80763
10/4/2014 4:49,79385
10/4/2014 4:50,80741
10/4/2014 4:51,81488
10/4/2014 4:52,81633
10/4/2014 4:53,80940
10/4/2014 4:54,73405
10/4/2014 4:55,65227
10/4/2014 4:56,62391
10/4/2014 4:57,61753
10/4/2014 4:58,61930
10/4/2014 4:59,62192
10/4/2014 5:00,61590
10/4/2014 5:01,61039
10/4/2014 5:02,61641
10/4/2014 5:03,61937
10/4/2014 5:04,62123
10/4/2014 5:05,62416
10/4/2014 5:06,62506
10/4/2014 5:07,61886
10/4/2014 5:08,61499
10/4/2014 5:09,62043
10/4/2014 5:10,61781
10/4/2014 5:11,61276
10/4/2014 5:12,59696
10/4/2014 5:13,60393
10/4/2014 5:14,61992
10/4/2014 5:15,62172
10/4/2014 5:16,62666
10/4/2014 5:17,63058
10/4/2014 5:18,62363
10/4/2014 5:19,62113
10/4/2014 5:20,62323
10/4/2014 5:21,62212
10/4/2014 5:22,62573
10/4/2014 5:23,62518
10/4/2014 5:24,62205
10/4/2014 5:25,62123
10/4/2014 5:26,61490
10/4/2014 5:27,61760
10/4/2014 5:28,62409
10/4/2014 5:29,62450
10/4/2014 5:30,62369
10/4/2014 5:31,62544
10/4/2014 5:32,62665
10/4/2014 5:33,62316
10/4/2014 5:34,62448
10/4/2014 5:35,62654
10/4/2014 5:36,62750
10/4/2014 5:37,62770
10/4/2014 5:38,62124
10/4/2014 5:39,61720
10/4/2014 5:40,62320
10/4/2014 5:41,62552
10/4/2014 5:42,61388
10/4/2014 5:43,61591
10/4/2014 5:44,62359
10/4/2014 5:45,62785
10/4/2014 5:46,62680
10/4/2014 5:47,62306
10/4/2014 5:48,62653
10/4/2014 5:49,62652
10/4/2014 5:50,61783
10/4/2014 5:51,61971
10/4/2014 5:52,61868
10/4/2014 5:53,62040
10/4/2014 5:54,62126
10/4/2014 5:55,61541
10/4/2014 5:56,61820
10/4/2014 5:57,62139
10/4/2014 5:58,61858
10/4/2014 5:59,61735
10/4/2014 6:00,62001
10/4/2014 6:01,62228
10/4/2014 6:02,62141
10/4/2014 6:03,62268
10/4/2014 6:04,62351
10/4/2014 6:05,62419
10/4/2014 6:06,62178
10/4/2014 6:07,62336
10/4/2014 6:08,62306
10/4/2014 6:09,61744
10/4/2014 6:10,61488
10/4/2014 6:11,61987
10/4/2014 6:12,61318
10/4/2014 6:13,61576
10/4/2014 6:14,62137
10/4/2014 6:15,62282
10/4/2014 6:16,62023
10/4/2014 6:17,61563
10/4/2014 6:18,61854
10/4/2014 6:19,62492
10/4/2014 6:20,62813
10/4/2014 6:21,62656
10/4/2014 6:22,62616
10/4/2014 6:23,62561
10/4/2014 6:24,62563
10/4/2014 6:25,62243
10/4/2014 6:26,62028
10/4/2014 6:27,62305
10/4/2014 6:28,62345
10/4/2014 6:29,62031
10/4/2014 6:30,62117
10/4/2014 6:31,61836
10/4/2014 6:32,62330
10/4/2014 6:33,62839
10/4/2014 6:34,62778
10/4/2014 6:35,62459
10/4/2014 6:36,62321
10/4/2014 6:37,62397
10/4/2014 6:38,62107
10/4/2014 6:39,62002
10/4/2014 6:40,62417
10/4/2014 6:41,62627
10/4/2014 6:42,62428
10/4/2014 6:43,62576
10/4/2014 6:44,62342
10/4/2014 6:45,62476
10/4/2014 6:46,62635
10/4/2014 6:47,62248
10/4/2014 6:48,62506
10/4/2014 6:49,62798
10/4/2014 6:50,62708
10/4/2014 6:51,62151
10/4/2014 6:52,61873
10/4/2014 6:53,62615
10/4/2014 6:54,63082
10/4/2014 6:55,62650
10/4/2014 6:56,62606
10/4/2014 6:57,62828
10/4/2014 6:58,62617
10/4/2014 6:59,61998
10/4/2014 7:00,62174
10/4/2014 7:01,62050
10/4/2014 7:02,62056
10/4/2014 7:03,62347
10/4/2014 7:04,62511
10/4/2014 7:05,62716
10/4/2014 7:06,62483
10/4/2014 7:07,62411
10/4/2014 7:08,62411
10/4/2014 7:09,62051
10/4/2014 7:10,61967
10/4/2014 7:11,62764
10/4/2014 7:12,61649
10/4/2014 7:13,61352
10/4/2014 7:14,62111
10/4/2014 7:15,62339
10/4/2014 7:16,62903
10/4/2014 7:17,62465
10/4/2014 7:18,62262
10/4/2014 7:19,62568
10/4/2014 7:20,62877
10/4/2014 7:21,62048
10/4/2014 7:22,62023
10/4/2014 7:23,62559
10/4/2014 7:24,62433
10/4/2014 7:25,62365
10/4/2014 7:26,62401
10/4/2014 7:27,62442
10/4/2014 7:28,62343
10/4/2014 7:29,62070
10/4/2014 7:30,62300
10/4/2014 7:31,62379
10/4/2014 7:32,62540
10/4/2014 7:33,62730
10/4/2014 7:34,62728
10/4/2014 7:35,62168
10/4/2014 7:36,62246
10/4/2014 7:37,62649
10/4/2014 7:38,62000
10/4/2014 7:39,62511
10/4/2014 7:40,62726
10/4/2014 7:41,62076
10/4/2014 7:42,61943
10/4/2014 7:43,62407
10/4/2014 7:44,62567
10/4/2014 7:45,62627
10/4/2014 7:46,62459
10/4/2014 7:47,61640
10/4/2014 7:48,61915
10/4/2014 7:49,62603
10/4/2014 7:50,62492
10/4/2014 7:51,62307
10/4/2014 7:52,62597
10/4/2014 7:53,62577
10/4/2014 7:54,62343
10/4/2014 7:55,62536
10/4/2014 7:56,62665
10/4/2014 7:57,62297
10/4/2014 7:58,62522
10/4/2014 7:59,62926
10/4/2014 8:00,62566
10/4/2014 8:01,62169
10/4/2014 8:02,62629
10/4/2014 8:03,62905
10/4/2014 8:04,63441
10/4/2014 8:05,71079
10/4/2014 8:06,76995
10/4/2014 8:07,78573
10/4/2014 8:08,77867
10/4/2014 8:09,76252
10/4/2014 8:10,75531
10/4/2014 8:11,75554
10/4/2014 8:12,73394
10/4/2014 8:13,73998
10/4/2014 8:14,76887
10/4/2014 8:15,77502
10/4/2014 8:16,76368
10/4/2014 8:17,76637
10/4/2014 8:18,77275
10/4/2014 8:19,76615
10/4/2014 8:20,76651
10/4/2014 8:21,75971
10/4/2014 8:22,77017
10/4/2014 8:23,77075
10/4/2014 8:24,75918
10/4/2014 8:25,77292
10/4/2014 8:26,76175
10/4/2014 8:27,75416
10/4/2014 8:28,74778
10/4/2014 8:29,72976
10/4/2014 8:30,72223
10/4/2014 8:31,73118
10/4/2014 8:32,74251
10/4/2014 8:33,75623
10/4/2014 8:34,76964
10/4/2014 8:35,76178
10/4/2014 8:36,74052
10/4/2014 8:37,73674
10/4/2014 8:38,75645
10/4/2014 8:39,76985
10/4/2014 8:40,77345
10/4/2014 8:41,76367
10/4/2014 8:42,74775
10/4/2014 8:43,75952
10/4/2014 8:44,77497
10/4/2014 8:45,77198
10/4/2014 8:46,77892
10/4/2014 8:47,77019
10/4/2014 8:48,76720
10/4/2014 8:49,78603
10/4/2014 8:50,78350
10/4/2014 8:51,76748
10/4/2014 8:52,77067
10/4/2014 8:53,77021
10/4/2014 8:54,78080
10/4/2014 8:55,78590
10/4/2014 8:56,77265
10/4/2014 8:57,77670
10/4/2014 8:58,77846
10/4/2014 8:59,77868
10/4/2014 9:00,78669
10/4/2014 9:01,78724
10/4/2014 9:02,77976
10/4/2014 9:03,76840
10/4/2014 9:04,76068
10/4/2014 9:05,76969
10/4/2014 9:06,77933
10/4/2014 9:07,77376
10/4/2014 9:08,77833
10/4/2014 9:09,78709
10/4/2014 9:10,77790
10/4/2014 9:11,77937
10/4/2014 9:12,78113
10/4/2014 9:13,76872
10/4/2014 9:14,75671
10/4/2014 9:15,75608
10/4/2014 9:16,76075
10/4/2014 9:17,74739
10/4/2014 9:18,75551
10/4/2014 9:19,79567
10/4/2014 9:20,81045
10/4/2014 9:21,77914
10/4/2014 9:22,76484
10/4/2014 9:23,78144
10/4/2014 9:24,80157
10/4/2014 9:25,81788
10/4/2014 9:26,82716
10/4/2014 9:27,80675
10/4/2014 9:28,80275
10/4/2014 9:29,80694
10/4/2014 9:30,80964
10/4/2014 9:31,82252
10/4/2014 9:32,82379
10/4/2014 9:33,82467
10/4/2014 9:34,80865
10/4/2014 9:35,79708
10/4/2014 9:36,80982
10/4/2014 9:37,82978
10/4/2014 9:38,82538
10/4/2014 9:39,81139
10/4/2014 9:40,83176
10/4/2014 9:41,82971
10/4/2014 9:42,80777
10/4/2014 9:43,81160
10/4/2014 9:44,81602
10/4/2014 9:45,82739
10/4/2014 9:46,83355
10/4/2014 9:47,82273
10/4/2014 9:48,81445
10/4/2014 9:49,82860
10/4/2014 9:50,83731
10/4/2014 9:51,83180
10/4/2014 9:52,82549
10/4/2014 9:53,83194
10/4/2014 9:54,83036
10/4/2014 9:55,81974
10/4/2014 9:56,82737
10/4/2014 9:57,81853
10/4/2014 9:58,81977
10/4/2014 9:59,82947
10/4/2014 10:00,83347
10/4/2014 10:01,83129
10/4/2014 10:02,81264
10/4/2014 10:03,80829
10/4/2014 10:04,82205
10/4/2014 10:05,82153
10/4/2014 10:06,81931
10/4/2014 10:07,81092
10/4/2014 10:08,81058
10/4/2014 10:09,80136
10/4/2014 10:10,80734
10/4/2014 10:11,82291
10/4/2014 10:12,79811
10/4/2014 10:13,79241
10/4/2014 10:14,80688
10/4/2014 10:15,80608
10/4/2014 10:16,82576
10/4/2014 10:17,83297
10/4/2014 10:18,81192
10/4/2014 10:19,79476
10/4/2014 10:20,80169
10/4/2014 10:21,81879
10/4/2014 10:22,80923
10/4/2014 10:23,81313
10/4/2014 10:24,82220
10/4/2014 10:25,82254
10/4/2014 10:26,81352
10/4/2014 10:27,81603
10/4/2014 10:28,82872
10/4/2014 10:29,82021
10/4/2014 10:30,81736
10/4/2014 10:31,81856
10/4/2014 10:32,80775
10/4/2014 10:33,82037
10/4/2014 10:34,82844
10/4/2014 10:35,81043
10/4/2014 10:36,81274
10/4/2014 10:37,81383
10/4/2014 10:38,81778
10/4/2014 10:39,81072
10/4/2014 10:40,80286
10/4/2014 10:41,81296
10/4/2014 10:42,81607
10/4/2014 10:43,81995
10/4/2014 10:44,82232
10/4/2014 10:45,83036
10/4/2014 10:46,82069
10/4/2014 10:47,81917
10/4/2014 10:48,82085
10/4/2014 10:49,80847
10/4/2014 10:50,80720
10/4/2014 10:51,80538
10/4/2014 10:52,81103
10/4/2014 10:53,81987
10/4/2014 10:54,83041
10/4/2014 10:55,84128
10/4/2014 10:56,82291
10/4/2014 10:57,80865
10/4/2014 10:58,80036
10/4/2014 10:59,79628
10/4/2014 11:00,79876
10/4/2014 11:01,79749
10/4/2014 11:02,79743
10/4/2014 11:03,80018
10/4/2014 11:04,80933
10/4/2014 11:05,80134
10/4/2014 11:06,80402
10/4/2014 11:07,80074
10/4/2014 11:08,80972
10/4/2014 11:09,82683
10/4/2014 11:10,80604
10/4/2014 11:11,79624
10/4/2014 11:12,80179
10/4/2014 11:13,82741
10/4/2014 11:14,84562
10/4/2014 11:15,83199
10/4/2014 11:16,82996
10/4/2014 11:17,79328
10/4/2014 11:18,68026
10/4/2014 11:19,62220
10/4/2014 11:20,62780
10/4/2014 11:21,62601
10/4/2014 11:22,62376
10/4/2014 11:23,62430
10/4/2014 11:24,62249
10/4/2014 11:25,62439
10/4/2014 11:26,62384
10/4/2014 11:27,62597
10/4/2014 11:28,62349
10/4/2014 11:29,62358
10/4/2014 11:30,62517
10/4/2014 11:31,61588
10/4/2014 11:32,61614
10/4/2014 11:33,61924
10/4/2014 11:34,61954
10/4/2014 11:35,62041
10/4/2014 11:36,62385
10/4/2014 11:37,62249
10/4/2014 11:38,62418
10/4/2014 11:39,62323
10/4/2014 11:40,61606
10/4/2014 11:41,61859
10/4/2014 11:42,61955
10/4/2014 11:43,63123
10/4/2014 11:44,64812
10/4/2014 11:45,64599
10/4/2014 11:46,63717
10/4/2014 11:47,63373
10/4/2014 11:48,63761
10/4/2014 11:49,64142
10/4/2014 11:50,64574
10/4/2014 11:51,64916
10/4/2014 11:52,64527
10/4/2014 11:53,64093
10/4/2014 11:54,64686
10/4/2014 11:55,64596
10/4/2014 11:56,64060
10/4/2014 11:57,64181
10/4/2014 11:58,64467
10/4/2014 11:59,64862
10/4/2014 12:00,64519
10/4/2014 12:01,63569
10/4/2014 12:02,63659
10/4/2014 12:03,64450
10/4/2014 12:04,64996
10/4/2014 12:05,64586
10/4/2014 12:06,64588
10/4/2014 12:07,64713
10/4/2014 12:08,64477
10/4/2014 12:09,64123
10/4/2014 12:10,63638
10/4/2014 12:11,63573
10/4/2014 12:12,62911
10/4/2014 12:13,63395
10/4/2014 12:14,64191
10/4/2014 12:15,63908
10/4/2014 12:16,64379
10/4/2014 12:17,64629
10/4/2014 12:18,64399
10/4/2014 12:19,64039
10/4/2014 12:20,64270
10/4/2014 12:21,64550
10/4/2014 12:22,64665
10/4/2014 12:23,64804
10/4/2014 12:24,64846
10/4/2014 12:25,64928
10/4/2014 12:26,64472
10/4/2014 12:27,64410
10/4/2014 12:28,64482
10/4/2014 12:29,64625
10/4/2014 12:30,64889
10/4/2014 12:31,64223
10/4/2014 12:32,64192
10/4/2014 12:33,64091
10/4/2014 12:34,64352
10/4/2014 12:35,64456
10/4/2014 12:36,64736
10/4/2014 12:37,64843
10/4/2014 12:38,64438
10/4/2014 12:39,64327
10/4/2014 12:40,64239
10/4/2014 12:41,63735
10/4/2014 12:42,63911
10/4/2014 12:43,64413
10/4/2014 12:44,64218
10/4/2014 12:45,64331
10/4/2014 12:46,64711
10/4/2014 12:47,64853
10/4/2014 12:48,64326
10/4/2014 12:49,64200
10/4/2014 12:50,64600
10/4/2014 12:51,64856
10/4/2014 12:52,64626
10/4/2014 12:53,64243
10/4/2014 12:54,64227
10/4/2014 12:55,64875
10/4/2014 12:56,64561
10/4/2014 12:57,64469
10/4/2014 12:58,64567
10/4/2014 12:59,64422
10/4/2014 13:00,64562
10/4/2014 13:01,64092
10/4/2014 13:02,63918
10/4/2014 13:03,64240
10/4/2014 13:04,64529
10/4/2014 13:05,64873
10/4/2014 13:06,64634
10/4/2014 13:07,64412
10/4/2014 13:08,64850
10/4/2014 13:09,64407
10/4/2014 13:10,63163
10/4/2014 13:11,62794
10/4/2014 13:12,62041
10/4/2014 13:13,62223
10/4/2014 13:14,63220
10/4/2014 13:15,63388
10/4/2014 13:16,63338
10/4/2014 13:17,63156
10/4/2014 13:18,62811
10/4/2014 13:19,62595
10/4/2014 13:20,62939
10/4/2014 13:21,63005
10/4/2014 13:22,62857
10/4/2014 13:23,63059
10/4/2014 13:24,63204
10/4/2014 13:25,63537
10/4/2014 13:26,63465
10/4/2014 13:27,62880
10/4/2014 13:28,63212
10/4/2014 13:29,63657
10/4/2014 13:30,63368
10/4/2014 13:31,62440
10/4/2014 13:32,63072
10/4/2014 13:33,63017
10/4/2014 13:34,62551
10/4/2014 13:35,62827
10/4/2014 13:36,62883
10/4/2014 13:37,62849
10/4/2014 13:38,63233
10/4/2014 13:39,63325
10/4/2014 13:40,62592
10/4/2014 13:41,62449
10/4/2014 13:42,63219
10/4/2014 13:43,62892
10/4/2014 13:44,62469
10/4/2014 13:45,62714
10/4/2014 13:46,62200
10/4/2014 13:47,62540
10/4/2014 13:48,62728
10/4/2014 13:49,62806
10/4/2014 13:50,63019
10/4/2014 13:51,63121
10/4/2014 13:52,63264
10/4/2014 13:53,63681
10/4/2014 13:54,63570
10/4/2014 13:55,64004
10/4/2014 13:56,63678
10/4/2014 13:57,63195
10/4/2014 13:58,63407
10/4/2014 13:59,63785
10/4/2014 14:00,63924
10/4/2014 14:01,63232
10/4/2014 14:02,63235
10/4/2014 14:03,63819
10/4/2014 14:04,63750
10/4/2014 14:05,63489
10/4/2014 14:06,63002
10/4/2014 14:07,63242
10/4/2014 14:08,63230
10/4/2014 14:09,63254
10/4/2014 14:10,63222
10/4/2014 14:11,62780
10/4/2014 14:12,61882
10/4/2014 14:13,62547
10/4/2014 14:14,63347
10/4/2014 14:15,63131
10/4/2014 14:16,63184
10/4/2014 14:17,63493
10/4/2014 14:18,63908
10/4/2014 14:19,63801
10/4/2014 14:20,63826
10/4/2014 14:21,63612
10/4/2014 14:22,63436
10/4/2014 14:23,63591
10/4/2014 14:24,63626
10/4/2014 14:25,63177
10/4/2014 14:26,63155
10/4/2014 14:27,63015
10/4/2014 14:28,70614
10/4/2014 14:29,78167
10/4/2014 14:30,78542
10/4/2014 14:31,78179
10/4/2014 14:32,80549
10/4/2014 14:33,82343
10/4/2014 14:34,81491
10/4/2014 14:35,79921
10/4/2014 14:36,79746
10/4/2014 14:37,78521
10/4/2014 14:38,78529
10/4/2014 14:39,79684
10/4/2014 14:40,78261
10/4/2014 14:41,77145
10/4/2014 14:42,78332
10/4/2014 14:43,80032
10/4/2014 14:44,80665
10/4/2014 14:45,79961
10/4/2014 14:46,80061
10/4/2014 14:47,80503
10/4/2014 14:48,79760
10/4/2014 14:49,78774
10/4/2014 14:50,77813
10/4/2014 14:51,78087
10/4/2014 14:52,78122
10/4/2014 14:53,76231
10/4/2014 14:54,74828
10/4/2014 14:55,74834
10/4/2014 14:56,72893
10/4/2014 14:57,70965
10/4/2014 14:58,74158
10/4/2014 14:59,76946
10/4/2014 15:00,77175
10/4/2014 15:01,77859
10/4/2014 15:02,79731
10/4/2014 15:03,79759
10/4/2014 15:04,78672
10/4/2014 15:05,78055
10/4/2014 15:06,77753
10/4/2014 15:07,77500
10/4/2014 15:08,78088
10/4/2014 15:09,79768
10/4/2014 15:10,79605
10/4/2014 15:11,77904
10/4/2014 15:12,77660
10/4/2014 15:13,78397
10/4/2014 15:14,79281
10/4/2014 15:15,79428
10/4/2014 15:16,80695
10/4/2014 15:17,81503
10/4/2014 15:18,79949
10/4/2014 15:19,78468
10/4/2014 15:20,78829
10/4/2014 15:21,78714
10/4/2014 15:22,79205
10/4/2014 15:23,80769
10/4/2014 15:24,79251
10/4/2014 15:25,78404
10/4/2014 15:26,79542
10/4/2014 15:27,78195
10/4/2014 15:28,77367
10/4/2014 15:29,79853
10/4/2014 15:30,78937
10/4/2014 15:31,77344
10/4/2014 15:32,78701
10/4/2014 15:33,79791
10/4/2014 15:34,80407
10/4/2014 15:35,78612
10/4/2014 15:36,77557
10/4/2014 15:37,78607
10/4/2014 15:38,79726
10/4/2014 15:39,78837
10/4/2014 15:40,78348
10/4/2014 15:41,79389
10/4/2014 15:42,79453
10/4/2014 15:43,78555
10/4/2014 15:44,79178
10/4/2014 15:45,78650
10/4/2014 15:46,77567
10/4/2014 15:47,77792
10/4/2014 15:48,79404
10/4/2014 15:49,80780
10/4/2014 15:50,81048
10/4/2014 15:51,80727
10/4/2014 15:52,79570
10/4/2014 15:53,77708
10/4/2014 15:54,78746
10/4/2014 15:55,79435
10/4/2014 15:56,78233
10/4/2014 15:57,77244
10/4/2014 15:58,78138
10/4/2014 15:59,79873
10/4/2014 16:00,78681
10/4/2014 16:01,77221
10/4/2014 16:02,78251
10/4/2014 16:03,79238
10/4/2014 16:04,78750
10/4/2014 16:05,77883
10/4/2014 16:06,78712
10/4/2014 16:07,80299
10/4/2014 16:08,80503
10/4/2014 16:09,80401
10/4/2014 16:10,78984
10/4/2014 16:11,79410
10/4/2014 16:12,79391
10/4/2014 16:13,79304
10/4/2014 16:14,78657
10/4/2014 16:15,78202
10/4/2014 16:16,79472
10/4/2014 16:17,80752
10/4/2014 16:18,79646
10/4/2014 16:19,78802
10/4/2014 16:20,78979
10/4/2014 16:21,78794
10/4/2014 16:22,78994
10/4/2014 16:23,79247
10/4/2014 16:24,79920
10/4/2014 16:25,79375
10/4/2014 16:26,79024
10/4/2014 16:27,79862
10/4/2014 16:28,80916
10/4/2014 16:29,81052
10/4/2014 16:30,80587
10/4/2014 16:31,79357
10/4/2014 16:32,79334
10/4/2014 16:33,80824
10/4/2014 16:34,81482
10/4/2014 16:35,81224
10/4/2014 16:36,78743
10/4/2014 16:37,78267
10/4/2014 16:38,78318
10/4/2014 16:39,78433
10/4/2014 16:40,78255
10/4/2014 16:41,78727
10/4/2014 16:42,79730
10/4/2014 16:43,79323
10/4/2014 16:44,78363
10/4/2014 16:45,78877
10/4/2014 16:46,79936
10/4/2014 16:47,80763
10/4/2014 16:48,81124
10/4/2014 16:49,80377
10/4/2014 16:50,79721
10/4/2014 16:51,79084
10/4/2014 16:52,78243
10/4/2014 16:53,75145
10/4/2014 16:54,73036
10/4/2014 16:55,73212
10/4/2014 16:56,69974
10/4/2014 16:57,67060
10/4/2014 16:58,71591
10/4/2014 16:59,75414
10/4/2014 17:00,76410
10/4/2014 17:01,76844
10/4/2014 17:02,77792
10/4/2014 17:03,78345
10/4/2014 17:04,78488
10/4/2014 17:05,77910
10/4/2014 17:06,80033
10/4/2014 17:07,81671
10/4/2014 17:08,80388
10/4/2014 17:09,80796
10/4/2014 17:10,81656
10/4/2014 17:11,81491
10/4/2014 17:12,80514
10/4/2014 17:13,81211
10/4/2014 17:14,81049
10/4/2014 17:15,79829
10/4/2014 17:16,80142
10/4/2014 17:17,81013
10/4/2014 17:18,79916
10/4/2014 17:19,80293
10/4/2014 17:20,80064
10/4/2014 17:21,78821
10/4/2014 17:22,79787
10/4/2014 17:23,80275
10/4/2014 17:24,80235
10/4/2014 17:25,79191
10/4/2014 17:26,78545
10/4/2014 17:27,79309
10/4/2014 17:28,79171
10/4/2014 17:29,80133
10/4/2014 17:30,80853
10/4/2014 17:31,79314
10/4/2014 17:32,78156
10/4/2014 17:33,78606
10/4/2014 17:34,79484
10/4/2014 17:35,79161
10/4/2014 17:36,78789
10/4/2014 17:37,79100
10/4/2014 17:38,80357
10/4/2014 17:39,81514
10/4/2014 17:40,81330
10/4/2014 17:41,71135
10/4/2014 17:42,62262
10/4/2014 17:43,61411
10/4/2014 17:44,60842
10/4/2014 17:45,60075
10/4/2014 17:46,60050
10/4/2014 17:47,60021
10/4/2014 17:48,60144
10/4/2014 17:49,59937
10/4/2014 17:50,59505
10/4/2014 17:51,59298
10/4/2014 17:52,59816
10/4/2014 17:53,60245
10/4/2014 17:54,59874
10/4/2014 17:55,60536
10/4/2014 17:56,62572
10/4/2014 17:57,63517
10/4/2014 17:58,63222
10/4/2014 17:59,63015
10/4/2014 18:00,63188
10/4/2014 18:01,63071
10/4/2014 18:02,63127
10/4/2014 18:03,63056
10/4/2014 18:04,63088
10/4/2014 18:05,63630
10/4/2014 18:06,63303
10/4/2014 18:07,63284
10/4/2014 18:08,63757
10/4/2014 18:09,63800
10/4/2014 18:10,63881
10/4/2014 18:11,63510
10/4/2014 18:12,62086
10/4/2014 18:13,62205
10/4/2014 18:14,63596
10/4/2014 18:15,63632
10/4/2014 18:16,63397
10/4/2014 18:17,63423
10/4/2014 18:18,63408
10/4/2014 18:19,63337
10/4/2014 18:20,63306
10/4/2014 18:21,63444
10/4/2014 18:22,63345
10/4/2014 18:23,63246
10/4/2014 18:24,63533
10/4/2014 18:25,63659
10/4/2014 18:26,63603
10/4/2014 18:27,63416
10/4/2014 18:28,63341
10/4/2014 18:29,63370
10/4/2014 18:30,63542
10/4/2014 18:31,62993
10/4/2014 18:32,63027
10/4/2014 18:33,63187
10/4/2014 18:34,63245
10/4/2014 18:35,63227
10/4/2014 18:36,63186
10/4/2014 18:37,63561
10/4/2014 18:38,64138
10/4/2014 18:39,63644
10/4/2014 18:40,63288
10/4/2014 18:41,62660
10/4/2014 18:42,62293
10/4/2014 18:43,63076
10/4/2014 18:44,63113
10/4/2014 18:45,63312
10/4/2014 18:46,63459
10/4/2014 18:47,63537
10/4/2014 18:48,63418
10/4/2014 18:49,63197
10/4/2014 18:50,63102
10/4/2014 18:51,63008
10/4/2014 18:52,62959
10/4/2014 18:53,63206
10/4/2014 18:54,63520
10/4/2014 18:55,63510
10/4/2014 18:56,63798
10/4/2014 18:57,63669
10/4/2014 18:58,63357
10/4/2014 18:59,63207
10/4/2014 19:00,63226
10/4/2014 19:01,62878
10/4/2014 19:02,62634
10/4/2014 19:03,62683
10/4/2014 19:04,63099
10/4/2014 19:05,63341
10/4/2014 19:06,62939
10/4/2014 19:07,62885
10/4/2014 19:08,63277
10/4/2014 19:09,63682
10/4/2014 19:10,63536
10/4/2014 19:11,62636
10/4/2014 19:12,61708
10/4/2014 19:13,62481
10/4/2014 19:14,63477
10/4/2014 19:15,63163
10/4/2014 19:16,63175
10/4/2014 19:17,63691
10/4/2014 19:18,63588
10/4/2014 19:19,63699
10/4/2014 19:20,63456
10/4/2014 19:21,63040
10/4/2014 19:22,63178
10/4/2014 19:23,63391
10/4/2014 19:24,63056
10/4/2014 19:25,63069
10/4/2014 19:26,63653
10/4/2014 19:27,63884
10/4/2014 19:28,63788
10/4/2014 19:29,63692
10/4/2014 19:30,63625
10/4/2014 19:31,63217
10/4/2014 19:32,63244
10/4/2014 19:33,63380
10/4/2014 19:34,63470
10/4/2014 19:35,63542
10/4/2014 19:36,63671
10/4/2014 19:37,63548
10/4/2014 19:38,63574
10/4/2014 19:39,63504
10/4/2014 19:40,63567
10/4/2014 19:41,63172
10/4/2014 19:42,63174
10/4/2014 19:43,63723
10/4/2014 19:44,63839
10/4/2014 19:45,63396
10/4/2014 19:46,63379
10/4/2014 19:47,63653
10/4/2014 19:48,63767
10/4/2014 19:49,63380
10/4/2014 19:50,62544
10/4/2014 19:51,62881
10/4/2014 19:52,62941
10/4/2014 19:53,63107
10/4/2014 19:54,63452
10/4/2014 19:55,63592
10/4/2014 19:56,63553
10/4/2014 19:57,63716
10/4/2014 19:58,63804
10/4/2014 19:59,63671
10/4/2014 20:00,63427
10/4/2014 20:01,62776
10/4/2014 20:02,63122
10/4/2014 20:03,63524
10/4/2014 20:04,63830
10/4/2014 20:05,64098
10/4/2014 20:06,63634
10/4/2014 20:07,63345
10/4/2014 20:08,63459
10/4/2014 20:09,63662
10/4/2014 20:10,63774
10/4/2014 20:11,62958
10/4/2014 20:12,61542
10/4/2014 20:13,62333
10/4/2014 20:14,63366
10/4/2014 20:15,63216
10/4/2014 20:16,63203
10/4/2014 20:17,63438
10/4/2014 20:18,63548
10/4/2014 20:19,63680
10/4/2014 20:20,63619
10/4/2014 20:21,63394
10/4/2014 20:22,63684
10/4/2014 20:23,63640
10/4/2014 20:24,63180
10/4/2014 20:25,63463
10/4/2014 20:26,63383
10/4/2014 20:27,63248
10/4/2014 20:28,63236
10/4/2014 20:29,63052
10/4/2014 20:30,62894
10/4/2014 20:31,62804
10/4/2014 20:32,63244
10/4/2014 20:33,63669
10/4/2014 20:34,63889
10/4/2014 20:35,63704
10/4/2014 20:36,63497
10/4/2014 20:37,63166
10/4/2014 20:38,63326
10/4/2014 20:39,63621
10/4/2014 20:40,63435
10/4/2014 20:41,62682
10/4/2014 20:42,61866
10/4/2014 20:43,63032
10/4/2014 20:44,63963
10/4/2014 20:45,63813
10/4/2014 20:46,63355
10/4/2014 20:47,63089
10/4/2014 20:48,63247
10/4/2014 20:49,63600
10/4/2014 20:50,63680
10/4/2014 20:51,64777
10/4/2014 20:52,74431
10/4/2014 20:53,80079
10/4/2014 20:54,79243
10/4/2014 20:55,78430
10/4/2014 20:56,78247
10/4/2014 20:57,78421
10/4/2014 20:58,79267
10/4/2014 20:59,79768
10/4/2014 21:00,78646
10/4/2014 21:01,78717
10/4/2014 21:02,80218
10/4/2014 21:03,80751
10/4/2014 21:04,79457
10/4/2014 21:05,77834
10/4/2014 21:06,77285
10/4/2014 21:07,78525
10/4/2014 21:08,80662
10/4/2014 21:09,79809
10/4/2014 21:10,79264
10/4/2014 21:11,79564
10/4/2014 21:12,77551
10/4/2014 21:13,75321
10/4/2014 21:14,73795
10/4/2014 21:15,72829
10/4/2014 21:16,73544
10/4/2014 21:17,73267
10/4/2014 21:18,76547
10/4/2014 21:19,80625
10/4/2014 21:20,80259
10/4/2014 21:21,78788
10/4/2014 21:22,78858
10/4/2014 21:23,79805
10/4/2014 21:24,80925
10/4/2014 21:25,80905
10/4/2014 21:26,81388
10/4/2014 21:27,79850
10/4/2014 21:28,79160
10/4/2014 21:29,79635
10/4/2014 21:30,80639
10/4/2014 21:31,79314
10/4/2014 21:32,77976
10/4/2014 21:33,79165
10/4/2014 21:34,79867
10/4/2014 21:35,80178
10/4/2014 21:36,80874
10/4/2014 21:37,81182
10/4/2014 21:38,80346
10/4/2014 21:39,81607
10/4/2014 21:40,82001
10/4/2014 21:41,80243
10/4/2014 21:42,82127
10/4/2014 21:43,81062
10/4/2014 21:44,80321
10/4/2014 21:45,81786
10/4/2014 21:46,82616
10/4/2014 21:47,82748
10/4/2014 21:48,80628
10/4/2014 21:49,81189
10/4/2014 21:50,82889
10/4/2014 21:51,82040
10/4/2014 21:52,80101
10/4/2014 21:53,81380
10/4/2014 21:54,83076
10/4/2014 21:55,80275
10/4/2014 21:56,79303
10/4/2014 21:57,81065
10/4/2014 21:58,81537
10/4/2014 21:59,80454
10/4/2014 22:00,81475
10/4/2014 22:01,79925
10/4/2014 22:02,78955
10/4/2014 22:03,79963
10/4/2014 22:04,81083
10/4/2014 22:05,81034
10/4/2014 22:06,79692
10/4/2014 22:07,79685
10/4/2014 22:08,80704
10/4/2014 22:09,81378
10/4/2014 22:10,82057
10/4/2014 22:11,80420
10/4/2014 22:12,78566
10/4/2014 22:13,80966
10/4/2014 22:14,82865
10/4/2014 22:15,81733
10/4/2014 22:16,81232
10/4/2014 22:17,80514
10/4/2014 22:18,79665
10/4/2014 22:19,80428
10/4/2014 22:20,79546
10/4/2014 22:21,78195
10/4/2014 22:22,79831
10/4/2014 22:23,79315
10/4/2014 22:24,78406
10/4/2014 22:25,79176
10/4/2014 22:26,80280
10/4/2014 22:27,80810
10/4/2014 22:28,82099
10/4/2014 22:29,81877
10/4/2014 22:30,80253
10/4/2014 22:31,81356
10/4/2014 22:32,81898
10/4/2014 22:33,80022
10/4/2014 22:34,79772
10/4/2014 22:35,79555
10/4/2014 22:36,80584
10/4/2014 22:37,80711
10/4/2014 22:38,80034
10/4/2014 22:39,81088
10/4/2014 22:40,81242
10/4/2014 22:41,79716
10/4/2014 22:42,80133
10/4/2014 22:43,80488
10/4/2014 22:44,79123
10/4/2014 22:45,79901
10/4/2014 22:46,80838
10/4/2014 22:47,79555
10/4/2014 22:48,79829
10/4/2014 22:49,79794
10/4/2014 22:50,80416
10/4/2014 22:51,79764
10/4/2014 22:52,78556
10/4/2014 22:53,79923
10/4/2014 22:54,81339
10/4/2014 22:55,81054
10/4/2014 22:56,80333
10/4/2014 22:57,79250
10/4/2014 22:58,80260
10/4/2014 22:59,82671
10/4/2014 23:00,83329
10/4/2014 23:01,82096
10/4/2014 23:02,80598
10/4/2014 23:03,79603
10/4/2014 23:04,80642
10/4/2014 23:05,82466
10/4/2014 23:06,82670
10/4/2014 23:07,80639
10/4/2014 23:08,79695
10/4/2014 23:09,80757
10/4/2014 23:10,80992
10/4/2014 23:11,80042
10/4/2014 23:12,78050
10/4/2014 23:13,78538
10/4/2014 23:14,80575
10/4/2014 23:15,81483
10/4/2014 23:16,82420
10/4/2014 23:17,80504
10/4/2014 23:18,79500
10/4/2014 23:19,80691
10/4/2014 23:20,79650
10/4/2014 23:21,81462
10/4/2014 23:22,83384
10/4/2014 23:23,81914
10/4/2014 23:24,80538
10/4/2014 23:25,80309
10/4/2014 23:26,79631
10/4/2014 23:27,80158
10/4/2014 23:28,81048
10/4/2014 23:29,81392
10/4/2014 23:30,81262
10/4/2014 23:31,79774
10/4/2014 23:32,78686
10/4/2014 23:33,79250
10/4/2014 23:34,79682
10/4/2014 23:35,79385
10/4/2014 23:36,79388
10/4/2014 23:37,79107
10/4/2014 23:38,81325
10/4/2014 23:39,82764
10/4/2014 23:40,80961
10/4/2014 23:41,79637
10/4/2014 23:42,80514
10/4/2014 23:43,80364
10/4/2014 23:44,80760
10/4/2014 23:45,82175
10/4/2014 23:46,81688
10/4/2014 23:47,80482
10/4/2014 23:48,80185
10/4/2014 23:49,79329
10/4/2014 23:50,80257
10/4/2014 23:51,80498
10/4/2014 23:52,81492
10/4/2014 23:53,81707
10/4/2014 23:54,81249
10/4/2014 23:55,81993
10/4/2014 23:56,81224
10/4/2014 23:57,80749
10/4/2014 23:58,82461
10/4/2014 23:59,81421
10/5/2014 0:00,78719
10/5/2014 0:01,80314
10/5/2014 0:02,82867
10/5/2014 0:03,82123
10/5/2014 0:04,77052
10/5/2014 0:05,66763
10/5/2014 0:06,61782
10/5/2014 0:07,61925
10/5/2014 0:08,61195
10/5/2014 0:09,60603
10/5/2014 0:10,60524
10/5/2014 0:11,60095
10/5/2014 0:12,58085
10/5/2014 0:13,58813
10/5/2014 0:14,60733
10/5/2014 0:15,61090
10/5/2014 0:16,60889
10/5/2014 0:17,60475
10/5/2014 0:18,60968
10/5/2014 0:19,61195
10/5/2014 0:20,60909
10/5/2014 0:21,60513
10/5/2014 0:22,60489
10/5/2014 0:23,60206
10/5/2014 0:24,60766
10/5/2014 0:25,61347
10/5/2014 0:26,60976
10/5/2014 0:27,60705
10/5/2014 0:28,62170
10/5/2014 0:29,64006
10/5/2014 0:30,63708
10/5/2014 0:31,62815
10/5/2014 0:32,62737
10/5/2014 0:33,63027
10/5/2014 0:34,63604
10/5/2014 0:35,63323
10/5/2014 0:36,62684
10/5/2014 0:37,62690
10/5/2014 0:38,63279
10/5/2014 0:39,63822
10/5/2014 0:40,63848
10/5/2014 0:41,63852
10/5/2014 0:42,63644
10/5/2014 0:43,63736
10/5/2014 0:44,64256
10/5/2014 0:45,64296
10/5/2014 0:46,64754
10/5/2014 0:47,64646
10/5/2014 0:48,64301
10/5/2014 0:49,64670
10/5/2014 0:50,64663
10/5/2014 0:51,64277
10/5/2014 0:52,64260
10/5/2014 0:53,64298
10/5/2014 0:54,64061
10/5/2014 0:55,64237
10/5/2014 0:56,64207
10/5/2014 0:57,64190
10/5/2014 0:58,64660
10/5/2014 0:59,64476
10/5/2014 1:00,63954
10/5/2014 1:01,63788
10/5/2014 1:02,64028
10/5/2014 1:03,64144
10/5/2014 1:04,64305
10/5/2014 1:05,64085
10/5/2014 1:06,63992
10/5/2014 1:07,64152
10/5/2014 1:08,64082
10/5/2014 1:09,63871
10/5/2014 1:10,63827
10/5/2014 1:11,63456
10/5/2014 1:12,61658
10/5/2014 1:13,62559
10/5/2014 1:14,64660
10/5/2014 1:15,64647
10/5/2014 1:16,64319
10/5/2014 1:17,64436
10/5/2014 1:18,64248
10/5/2014 1:19,64037
10/5/2014 1:20,64165
10/5/2014 1:21,63941
10/5/2014 1:22,63348
10/5/2014 1:23,63404
10/5/2014 1:24,64463
10/5/2014 1:25,65170
10/5/2014 1:26,64676
10/5/2014 1:27,64232
10/5/2014 1:28,64104
10/5/2014 1:29,64079
10/5/2014 1:30,64080
10/5/2014 1:31,63251
10/5/2014 1:32,63284
10/5/2014 1:33,64234
10/5/2014 1:34,64334
10/5/2014 1:35,64453
10/5/2014 1:36,64745
10/5/2014 1:37,64340
10/5/2014 1:38,63982
10/5/2014 1:39,63870
10/5/2014 1:40,63721
10/5/2014 1:41,64011
10/5/2014 1:42,62939
10/5/2014 1:43,63124
10/5/2014 1:44,64405
10/5/2014 1:45,64232
10/5/2014 1:46,63926
10/5/2014 1:47,64273
10/5/2014 1:48,64117
10/5/2014 1:49,64593
10/5/2014 1:50,64542
10/5/2014 1:51,63662
10/5/2014 1:52,63991
10/5/2014 1:53,64436
10/5/2014 1:54,64335
10/5/2014 1:55,64216
10/5/2014 1:56,64169
10/5/2014 1:57,64199
10/5/2014 1:58,64531
10/5/2014 1:59,64460
10/5/2014 2:00,64210
10/5/2014 2:01,63038
10/5/2014 2:02,63103
10/5/2014 2:03,64080
10/5/2014 2:04,64092
10/5/2014 2:05,63886
10/5/2014 2:06,64087
10/5/2014 2:07,64547
10/5/2014 2:08,63970
10/5/2014 2:09,63688
10/5/2014 2:10,63978
10/5/2014 2:11,63623
10/5/2014 2:12,62052
10/5/2014 2:13,63061
10/5/2014 2:14,64422
10/5/2014 2:15,63814
10/5/2014 2:16,63779
10/5/2014 2:17,63919
10/5/2014 2:18,64223
10/5/2014 2:19,64337
10/5/2014 2:20,63995
10/5/2014 2:21,64276
10/5/2014 2:22,64005
10/5/2014 2:23,64179
10/5/2014 2:24,64561
10/5/2014 2:25,64017
10/5/2014 2:26,63638
10/5/2014 2:27,64151
10/5/2014 2:28,64368
10/5/2014 2:29,64158
10/5/2014 2:30,64275
10/5/2014 2:31,63865
10/5/2014 2:32,64094
10/5/2014 2:33,64497
10/5/2014 2:34,64191
10/5/2014 2:35,63892
10/5/2014 2:36,63856
10/5/2014 2:37,63891
10/5/2014 2:38,63774
10/5/2014 2:39,63981
10/5/2014 2:40,64004
10/5/2014 2:41,63802
10/5/2014 2:42,64024
10/5/2014 2:43,64006
10/5/2014 2:44,63850
10/5/2014 2:45,64292
10/5/2014 2:46,64534
10/5/2014 2:47,64402
10/5/2014 2:48,63768
10/5/2014 2:49,63499
10/5/2014 2:50,63935
10/5/2014 2:51,63858
10/5/2014 2:52,63841
10/5/2014 2:53,64351
10/5/2014 2:54,64374
10/5/2014 2:55,64127
10/5/2014 2:56,63970
10/5/2014 2:57,63917
10/5/2014 2:58,63996
10/5/2014 2:59,63875
10/5/2014 3:00,63928
10/5/2014 3:01,63563
10/5/2014 3:02,63766
10/5/2014 3:03,64396
10/5/2014 3:04,64765
10/5/2014 3:05,64330
10/5/2014 3:06,64441
10/5/2014 3:07,64488
10/5/2014 3:08,64440
10/5/2014 3:09,63710
10/5/2014 3:10,63174
10/5/2014 3:11,63725
10/5/2014 3:12,62711
10/5/2014 3:13,63037
10/5/2014 3:14,64335
10/5/2014 3:15,70688
10/5/2014 3:16,78634
10/5/2014 3:17,80136
10/5/2014 3:18,80702
10/5/2014 3:19,81774
10/5/2014 3:20,81719
10/5/2014 3:21,80286
10/5/2014 3:22,80972
10/5/2014 3:23,79758
10/5/2014 3:24,77610
10/5/2014 3:25,78570
10/5/2014 3:26,78988
10/5/2014 3:27,79705
10/5/2014 3:28,79292
10/5/2014 3:29,77948
10/5/2014 3:30,78131
10/5/2014 3:31,78879
10/5/2014 3:32,79067
10/5/2014 3:33,81286
10/5/2014 3:34,82332
10/5/2014 3:35,80862
10/5/2014 3:36,80530
10/5/2014 3:37,77765
10/5/2014 3:38,75266
10/5/2014 3:39,73612
10/5/2014 3:40,72685
10/5/2014 3:41,75183
10/5/2014 3:42,79731
10/5/2014 3:43,80837
10/5/2014 3:44,81348
10/5/2014 3:45,81650
10/5/2014 3:46,79550
10/5/2014 3:47,78594
10/5/2014 3:48,80085
10/5/2014 3:49,82311
10/5/2014 3:50,82366
10/5/2014 3:51,81260
10/5/2014 3:52,81027
10/5/2014 3:53,79844
10/5/2014 3:54,79648
10/5/2014 3:55,79951
10/5/2014 3:56,81047
10/5/2014 3:57,81336
10/5/2014 3:58,80129
10/5/2014 3:59,79769
10/5/2014 4:00,80329
10/5/2014 4:01,79651
10/5/2014 4:02,79399
10/5/2014 4:03,79516
10/5/2014 4:04,80363
10/5/2014 4:05,80053
10/5/2014 4:06,79745
10/5/2014 4:07,79496
10/5/2014 4:08,80761
10/5/2014 4:09,80291
10/5/2014 4:10,80808
10/5/2014 4:11,80876
10/5/2014 4:12,76799
10/5/2014 4:13,79040
10/5/2014 4:14,81223
10/5/2014 4:15,81040
10/5/2014 4:16,82979
10/5/2014 4:17,82715
10/5/2014 4:18,80732
10/5/2014 4:19,79679
10/5/2014 4:20,79691
10/5/2014 4:21,79332
10/5/2014 4:22,79776
10/5/2014 4:23,80696
10/5/2014 4:24,80783
10/5/2014 4:25,79966
10/5/2014 4:26,79974
10/5/2014 4:27,80725
10/5/2014 4:28,80739
10/5/2014 4:29,81274
10/5/2014 4:30,81192
10/5/2014 4:31,80126
10/5/2014 4:32,80891
10/5/2014 4:33,80774
10/5/2014 4:34,80483
10/5/2014 4:35,81123
10/5/2014 4:36,80430
10/5/2014 4:37,79534
10/5/2014 4:38,82005
10/5/2014 4:39,83654
10/5/2014 4:40,80879
10/5/2014 4:41,79420
10/5/2014 4:42,79846
10/5/2014 4:43,80473
10/5/2014 4:44,80008
10/5/2014 4:45,80910
10/5/2014 4:46,81139
10/5/2014 4:47,81255
10/5/2014 4:48,79799
10/5/2014 4:49,79422
10/5/2014 4:50,80385
10/5/2014 4:51,80795
10/5/2014 4:52,81543
10/5/2014 4:53,80461
10/5/2014 4:54,80942
10/5/2014 4:55,80947
10/5/2014 4:56,79095
10/5/2014 4:57,79404
10/5/2014 4:58,79560
10/5/2014 4:59,81176
10/5/2014 5:00,82170
10/5/2014 5:01,80863
10/5/2014 5:02,80681
10/5/2014 5:03,80962
10/5/2014 5:04,80726
10/5/2014 5:05,80185
10/5/2014 5:06,79413
10/5/2014 5:07,78516
10/5/2014 5:08,77406
10/5/2014 5:09,79344
10/5/2014 5:10,81063
10/5/2014 5:11,78925
10/5/2014 5:12,78514
10/5/2014 5:13,79537
10/5/2014 5:14,79829
10/5/2014 5:15,79239
10/5/2014 5:16,79995
10/5/2014 5:17,81617
10/5/2014 5:18,81139
10/5/2014 5:19,80129
10/5/2014 5:20,78985
10/5/2014 5:21,77463
10/5/2014 5:22,77006
10/5/2014 5:23,75986
10/5/2014 5:24,77369
10/5/2014 5:25,79619
10/5/2014 5:26,79413
10/5/2014 5:27,80326
10/5/2014 5:28,81181
10/5/2014 5:29,80786
10/5/2014 5:30,78184
10/5/2014 5:31,76469
10/5/2014 5:32,76995
10/5/2014 5:33,77307
10/5/2014 5:34,75758
10/5/2014 5:35,73446
10/5/2014 5:36,71103
10/5/2014 5:37,68018
10/5/2014 5:38,67223
10/5/2014 5:39,71913
10/5/2014 5:40,75497
10/5/2014 5:41,77264
10/5/2014 5:42,77997
10/5/2014 5:43,77113
10/5/2014 5:44,78048
10/5/2014 5:45,79155
10/5/2014 5:46,80347
10/5/2014 5:47,79515
10/5/2014 5:48,78396
10/5/2014 5:49,79428
10/5/2014 5:50,78169
10/5/2014 5:51,77622
10/5/2014 5:52,77639
10/5/2014 5:53,77825
10/5/2014 5:54,78930
10/5/2014 5:55,79926
10/5/2014 5:56,79687
10/5/2014 5:57,79145
10/5/2014 5:58,78455
10/5/2014 5:59,77368
10/5/2014 6:00,78939
10/5/2014 6:01,79079
10/5/2014 6:02,78656
10/5/2014 6:03,78069
10/5/2014 6:04,78727
10/5/2014 6:05,80011
10/5/2014 6:06,79447
10/5/2014 6:07,80090
10/5/2014 6:08,81177
10/5/2014 6:09,80481
10/5/2014 6:10,79533
10/5/2014 6:11,78421
10/5/2014 6:12,76694
10/5/2014 6:13,76935
10/5/2014 6:14,77892
10/5/2014 6:15,77221
10/5/2014 6:16,76541
10/5/2014 6:17,77890
10/5/2014 6:18,79411
10/5/2014 6:19,80760
10/5/2014 6:20,81881
10/5/2014 6:21,81135
10/5/2014 6:22,78427
10/5/2014 6:23,78810
10/5/2014 6:24,80573
10/5/2014 6:25,81211
10/5/2014 6:26,81083
10/5/2014 6:27,81037
10/5/2014 6:28,80582
10/5/2014 6:29,78436
10/5/2014 6:30,77796
10/5/2014 6:31,78884
10/5/2014 6:32,78585
10/5/2014 6:33,79602
10/5/2014 6:34,80977
10/5/2014 6:35,80701
10/5/2014 6:36,79660
10/5/2014 6:37,78677
10/5/2014 6:38,80072
10/5/2014 6:39,81208
10/5/2014 6:40,80184
10/5/2014 6:41,80535
10/5/2014 6:42,79955
10/5/2014 6:43,79286
10/5/2014 6:44,80296
10/5/2014 6:45,80106
10/5/2014 6:46,79773
10/5/2014 6:47,80098
10/5/2014 6:48,80989
10/5/2014 6:49,80602
10/5/2014 6:50,79815
10/5/2014 6:51,79856
10/5/2014 6:52,79750
10/5/2014 6:53,78329
10/5/2014 6:54,77562
10/5/2014 6:55,80023
10/5/2014 6:56,81283
10/5/2014 6:57,78913
10/5/2014 6:58,77790
10/5/2014 6:59,77476
10/5/2014 7:00,77423
10/5/2014 7:01,78331
10/5/2014 7:02,78359
10/5/2014 7:03,66072
10/5/2014 7:04,25052
10/5/2014 7:05,0
10/5/2014 7:06,0
10/5/2014 7:07,0
10/5/2014 7:08,0
10/5/2014 7:09,0
10/5/2014 7:10,0
10/5/2014 7:11,0
10/5/2014 7:12,0
10/5/2014 7:13,0
10/5/2014 7:14,0
10/5/2014 7:15,0
10/5/2014 7:16,0
10/5/2014 7:17,0
